created_at,id_str,full_text,quote_count,reply_count,retweet_count,favorite_count,lang,user_id_str,conversation_id_str,username,tweet_url,mention_username
Tue Feb 28 00:35:01 +0000 2023,1630365924187574273,Lama¬≤ mirip Anies... https://t.co/RINRAFdjzC,17,158,56,496,en,84221579,1630365924187574273,narkosun,https://twitter.com/narkosun/status/1630365924187574273,
Sun Feb 19 01:17:38 +0000 2023,1627115158102220800,"Anies Baswedan made a cordial gesture by writing an article in Kompas, inviting discussions on important ideas before the upcoming Indonesian election. As the campaign intensifies, I am eager to see what other candidates will offer. https://t.co/gl6QAkZQs3",11,4,53,319,en,34544355,1627115158102220800,edbertgani,https://twitter.com/edbertgani/status/1627115158102220800,
Wed Feb 15 15:39:07 +0000 2023,1625882405868539904,Happy Valentines Day from Gyu and Noe üíùüëº https://t.co/SfwXffbaua,0,6,40,435,en,998788105736876032,1625882405868539904,Anies_only,https://twitter.com/Anies_only/status/1625882405868539904,
Thu Feb 09 00:03:32 +0000 2023,1623472632535584769,Wibi Andrino: Anies The Man With Idea https://t.co/8CBFSkBNMR,2,16,130,557,en,887743587579944960,1623472632535584769,OposisiCerdas,https://twitter.com/OposisiCerdas/status/1623472632535584769,
Tue Jan 31 06:56:23 +0000 2023,1620315036014247936,Welcome to Bima Mr Presiden 2024 @aniesbaswedan Sambutan luar biasa. Wes Wayahe wes WANCINE Anies Presiden https://t.co/MUkUFWEXzG,2,7,103,356,en,2558197662,1620315036014247936,patriot016610,https://twitter.com/patriot016610/status/1620315036014247936,aniesbaswedan
Sat Jan 14 16:08:11 +0000 2023,1614293306334380032,Anies Vs Yohanies üòÅü§™  @WagimanDeep212_ https://t.co/3i4hYwhCUW,22,1,124,494,en,45602536,1614293306334380032,GunRomli,https://twitter.com/GunRomli/status/1614293306334380032,WagimanDeep212_
Sun Jan 22 06:11:54 +0000 2023,1617042350941036544,"Ustadz Tile: Anies Presiden, Anies Presiden, Anies Presiden  https://t.co/3bjEzsvxtX",10,106,347,1687,en,1185767973111263233,1617042350941036544,abwnews_,https://twitter.com/abwnews_/status/1617042350941036544,
Fri Jan 27 16:48:50 +0000 2023,1619014580793122816,It's my time to SHINE with my Anies-Sandi fanfiction https://t.co/doQixrcLfK,228,63,371,1747,en,2662512480,1619014580793122816,tiuwtiw,https://twitter.com/tiuwtiw/status/1619014580793122816,
Fri Jan 13 08:49:33 +0000 2023,1613820535796031490,Wow! Selamat mas Anies.. üëçüëèüëè,4,5,74,374,tl,30766806,1613820535796031490,Reiza_Patters,https://twitter.com/Reiza_Patters/status/1613820535796031490,
Fri Jan 06 08:41:43 +0000 2023,1611281847375507458,Yang dibaptis Anies yang dituding murtad kok Gus Yaqut?? üòãü§≠  #ustadzsuparmanabdulkarim ===========  Website : https://t.co/BTkpteZ0EJ  Telegram : https://t.co/yZ19QgrmOq  Instagram : https://t.co/eT1qXtBXT8  Twitter : https://t.co/km18mHLh02  Youtube: https://t.co/oycjP9P3S9 https://t.co/tPAKoHt95w,26,48,319,960,en,1510900708228612097,1611281847375507458,KartiniNKRI,https://twitter.com/KartiniNKRI/status/1611281847375507458,
Thu Jan 05 10:22:05 +0000 2023,1610944719798042624,"Of all the people you can idolize, don't ever idolize politicians (Jokowi, Ahok, Emil, Anies, Risma, Ganjar, etc, etc). Your fangirl/boying will make them only worse, not better. Better spend your energy on BTS, Blackpink, or Joni Mitchell.  Best of all: Don't idolize anyone.",134,76,551,1638,en,122019148,1610944719798042624,evimsofian,https://twitter.com/evimsofian/status/1610944719798042624,
Mon Jan 02 23:44:10 +0000 2023,1610059404048760833,Say no to Anies!! https://t.co/YlztZWgLqQ,18,23,152,394,en,1156404758,1610059404048760833,ireun3n,https://twitter.com/ireun3n/status/1610059404048760833,
Mon Jan 02 13:30:38 +0000 2023,1609905007046033408,"Nonton Film Dokumenter The Edge of Democracy, Anies Ingat Buku How Democracies Die  https://t.co/kgo9qTetmj",2,7,90,433,en,1185767973111263233,1609905007046033408,abwnews_,https://twitter.com/abwnews_/status/1609905007046033408,
Tue Dec 27 13:35:51 +0000 2022,1607731990811508739,@Pemberang1 @jokowi Media abal¬≤ Buzzer Anies @keuangannews_id,1,28,25,256,en,2385926900,1607678629647122433,MARQUEZ__93,https://twitter.com/MARQUEZ__93/status/1607731990811508739,"Pemberang1, jokowi, keuangannews_id"
Fri Dec 23 05:11:42 +0000 2022,1606155567646457856,ART TRAIN!! Thank you for the tag Daniel! I tag @Pembiklimon @zero808w @Anies_only @mistedsky @jiechii @locoberi01 (pls check them out they‚Äôre all awesome people) ü•∫‚ù§Ô∏è‚ù§Ô∏è‚ù§Ô∏è https://t.co/o049IXgOnn,3,10,143,1153,en,3087540072,1606155567646457856,uglykao,https://twitter.com/uglykao/status/1606155567646457856,"Pembiklimon, zero808w, Anies_only, mistedsky, jiechii, locoberi01"
Thu Dec 15 03:31:58 +0000 2022,1603231362760474626,Anies Senang Tebet Eco Park Sabet Singapore Landscape Architecture Awards https://t.co/bYdnmJ7Bn7,4,9,164,778,en,1068371293290946561,1603231362760474626,BosPurwa,https://twitter.com/BosPurwa/status/1603231362760474626,
Sun Dec 11 03:00:06 +0000 2022,1601773794942922752,Best Picture Of The Day Wis Wayahe Anies Baswedan  Sulsel üëçüòä https://t.co/1sFEQYm0Ry,7,157,244,1143,en,719725925215170561,1601773794942922752,marlina_idha,https://twitter.com/marlina_idha/status/1601773794942922752,
Sat Dec 10 02:22:09 +0000 2022,1601401856042799105,Anies Presiden Indonesia 2024 üôè,4,6,146,707,en,1592003670052249601,1601401856042799105,Tempr2878,https://twitter.com/Tempr2878/status/1601401856042799105,
Thu Dec 08 17:24:30 +0000 2022,1600904164535828481,@AndiSinulingga Makin begok aja Buzzer Anies.... https://t.co/OsrljLjc4i,0,31,1,130,en,1263109250466762757,1600488863646064643,Joker_Wedoks,https://twitter.com/Joker_Wedoks/status/1600904164535828481,AndiSinulingga
Wed Dec 07 07:58:22 +0000 2022,1600399304992358400,Anies ü§è,2,22,126,602,en,3548868619,1600399304992358400,xix0_3,https://twitter.com/xix0_3/status/1600399304992358400,
Sun Dec 04 08:03:24 +0000 2022,1599313405000974336,"Best photo this morning and Sweet moment warga Padang Sumbar dan Pak Anies, Minggu (4/12/2022)  Anies Memang Fantastisüëçüòäüòç https://t.co/jQxx45xSsk",41,305,594,3016,en,719725925215170561,1599313405000974336,marlina_idha,https://twitter.com/marlina_idha/status/1599313405000974336,
Fri Dec 02 14:45:16 +0000 2022,1598689762327801856,Commission for @HVYsupercool üèÅ  Thank you! https://t.co/WSFw7V58SQ,0,4,67,556,en,998788105736876032,1598689762327801856,Anies_only,https://twitter.com/Anies_only/status/1598689762327801856,HVYsupercool
Wed Nov 30 02:00:51 +0000 2022,1597772617322496000,"Anies Baswedan is the best and yet, one and only  So, why not the best? ü§∑üèª‚Äç‚ôÇÔ∏èüáÆüá©üáÆüá©  .",5,81,82,439,en,3177957847,1597772617322496000,HelmiFelis_,https://twitter.com/HelmiFelis_/status/1597772617322496000,
Sat Nov 26 04:08:02 +0000 2022,1596355069917958144,Anies Memang Fantastis! https://t.co/8ZjhRtDV59,2,18,110,394,en,887743587579944960,1596355069917958144,OposisiCerdas,https://twitter.com/OposisiCerdas/status/1596355069917958144,
Fri Nov 25 08:33:27 +0000 2022,1596059478671388672,Ssssssstttt ü§´ Presiden 2024 Anies Baswedan.!!  . https://t.co/DazrTEpcHN,79,735,300,1800,en,3177957847,1596059478671388672,HelmiFelis_,https://twitter.com/HelmiFelis_/status/1596059478671388672,
Fri Nov 25 08:02:35 +0000 2022,1596051708777746432,Anies Baswedan dinobatkan sebagai Governor of the Year 2022 | PORTAL ISLAM https://t.co/jyYSSxnk9K https://t.co/W9xiA9QqHp,0,6,62,186,en,1549972430235439104,1596051708777746432,biacho6688992,https://twitter.com/biacho6688992/status/1596051708777746432,
Fri Nov 25 00:05:27 +0000 2022,1595931637325627392,Anies Baswedan Raih Penghargaan Governor of the Year for E-Government &amp  Digital¬†Innovation https://t.co/3mF1IWElrZ,3,2,71,232,en,1443801854756880385,1595931637325627392,kba_news,https://twitter.com/kba_news/status/1595931637325627392,
Tue Nov 15 12:07:48 +0000 2022,1592489541180731396,Kirain Anies...,6,40,71,399,en,797761417894051840,1592489541180731396,MarahIchsan,https://twitter.com/MarahIchsan/status/1592489541180731396,
Sun Nov 13 04:56:13 +0000 2022,1591656153083437056,This is potentially devastating for Jakarta's urban poor after all the gains made. Seems a certainty Heru will keep Ahok's pro-eviction pergub. Anies waited until 2 days before the end of his term to submit the request for its anullment to Mendagri. Telat https://t.co/60Ewifz7GP,7,12,114,404,en,2606795418,1591656153083437056,iwilson69,https://twitter.com/iwilson69/status/1591656153083437056,
Sat Nov 12 16:24:24 +0000 2022,1591466955885907970,Anies di BloombergNEF Summit Bali https://t.co/8hXYoF2TCz,32,97,395,1534,en,1068371293290946561,1591466955885907970,BosPurwa,https://twitter.com/BosPurwa/status/1591466955885907970,
Sat Nov 05 05:51:04 +0000 2022,1588770853650829314,"Anies, top n mantap",3,24,139,589,en,715696111,1588770853650829314,bos_sir,https://twitter.com/bos_sir/status/1588770853650829314,
Sun Oct 30 09:18:07 +0000 2022,1586648633453449216,ANIES - AHER...? üôÑ https://t.co/yQXNA1b8t2,23,257,26,443,en,1126547830754107392,1586648633453449216,M45Broo,https://twitter.com/M45Broo/status/1586648633453449216,
Sat Oct 29 12:01:25 +0000 2022,1586327343412391937,Anies Baswedan is the best üòé,9,111,176,625,en,1334853481019056128,1586327343412391937,Mdy_Asmara1701,https://twitter.com/Mdy_Asmara1701/status/1586327343412391937,
Thu Oct 27 08:52:52 +0000 2022,1585555114600841216,"VIRAL! Perlahan Tapi Pasti, Elektabilitas NasDem Naik Usai Capreskan Anies, PDIP Malah Merosot. Lambe Waras : I'am Happy and Very Happy, 2024 It Is Time for Anies, Please Come And Invest in My Country. Please Retweet till the PLUTO",2,17,142,397,en,2905814730,1585555114600841216,abu_waras,https://twitter.com/abu_waras/status/1585555114600841216,
Sat Oct 22 04:57:35 +0000 2022,1583683966686855168,Oke 2024 Anies RI-1 https://t.co/ro9ZoVQkqT,13,115,322,1143,en,1492070271800414210,1583683966686855168,PutraErlangga95,https://twitter.com/PutraErlangga95/status/1583683966686855168,
Fri Oct 21 13:52:01 +0000 2022,1583456072307965953,Anies presiden 2024ü§©ü§©ü§©ü§©ü§© https://t.co/t9cpc0fZnH,1,12,35,185,en,1344460749964414976,1583456072307965953,CutSarina5,https://twitter.com/CutSarina5/status/1583456072307965953,
Thu Oct 20 03:35:25 +0000 2022,1582938510436491266,"Uraaaa Pak Anies any where any Place,presiden 2024",3,0,47,266,en,1344460749964414976,1582938510436491266,CutSarina5,https://twitter.com/CutSarina5/status/1582938510436491266,
Thu Oct 20 02:14:06 +0000 2022,1582918048474103809,Cakep ü§£ü§£ü§£ü§£ü§£üëç ANIES BASWEDAN Is the best https://t.co/soo6B76wA1,10,23,72,424,en,1431256033897242626,1582918048474103809,Ozil855282201,https://twitter.com/Ozil855282201/status/1582918048474103809,
Tue Oct 18 07:55:18 +0000 2022,1582279138626670592,The Jackmaniaaaaaaaa....Anies President!!! https://t.co/LnlRHJ2CjE,0,9,74,290,en,1537213103397830656,1582279138626670592,SemutMerah2024,https://twitter.com/SemutMerah2024/status/1582279138626670592,
Sun Oct 16 12:40:18 +0000 2022,1581626086164942848,Anies. #TerimaKasihJakarta  #TerimaKasihAnies #IndonesiaMemanggil,6,30,167,729,en,715696111,1581626086164942848,bos_sir,https://twitter.com/bos_sir/status/1581626086164942848,
Sat Oct 15 17:07:50 +0000 2022,1581331025669464064,Anies? https://t.co/T34lDA0IK9,7,263,62,421,en,1303252304301236224,1581331025669464064,AyaniMel,https://twitter.com/AyaniMel/status/1581331025669464064,
Wed Oct 12 23:14:49 +0000 2022,1580336215441936385,"Thank you Mr. Anies Baswedan, your work is really beneficial for the people of Jakarta.  May God always be pleased to accompany your steps in making Indonesia a better place like you did for Jakarta.  greetings from Brisbane #hening @asboedionoid",2,16,116,466,en,780554097388687360,1580336215441936385,asboediono_id,https://twitter.com/asboediono_id/status/1580336215441936385,asboedionoid
Tue Oct 11 08:25:49 +0000 2022,1579750104780935186,ANIES BAKAL PAKE ROMPI ORANYE? | TIME LINE #CokroTV #GakPakeBaper  @Dennysiregar7   Full Video Youtube: https://t.co/KPOaWbKKqF https://t.co/JBEFndDAvM,13,48,121,438,en,1255809157099163650,1579750104780935186,cokro_tv,https://twitter.com/cokro_tv/status/1579750104780935186,Dennysiregar7
Mon Oct 10 06:19:20 +0000 2022,1579355885415313408,"i dont want just ‚Äúlg apa?‚Äù ‚Äúud makan?‚Äù &amp  all the casual talk.   tell me about hows ur day in detail, tell me about ur opinion regarding anies baswedan, your preference on bubur diaduk atau gak, your mom‚Äôs favorite scent, your fav padang dish.  i hate small talk, i want more",578,222,3831,10578,en,1127829328950059008,1579355885415313408,ianhugen,https://twitter.com/ianhugen/status/1579355885415313408,
Sat Oct 08 09:01:38 +0000 2022,1578671951127924741,Cakep Anies - AHY https://t.co/MiDzsPxC0W,3,20,84,423,en,1492070271800414210,1578671951127924741,PutraErlangga95,https://twitter.com/PutraErlangga95/status/1578671951127924741,
Fri Oct 07 08:11:11 +0000 2022,1578296867993096192,AHY: Mas Anies Memiliki Leadership in¬†Crisis https://t.co/mpPbQGDfVM,2,6,70,385,en,1443801854756880385,1578296867993096192,kba_news,https://twitter.com/kba_news/status/1578296867993096192,
Tue Oct 04 12:43:45 +0000 2022,1577278297452425216,Anies Effectü§£ü§£ü§£ü§£ü•≤ https://t.co/lplPmMKIj5,18,106,151,701,en,1135182840511885313,1577278297452425216,Ryu53944310,https://twitter.com/Ryu53944310/status/1577278297452425216,
Tue Oct 04 04:10:04 +0000 2022,1577149027484807169,"Anies, The Next Level https://t.co/4nBAZKIV6d",0,15,161,1029,en,887743587579944960,1577149027484807169,OposisiCerdas,https://twitter.com/OposisiCerdas/status/1577149027484807169,
Mon Oct 03 04:05:10 +0000 2022,1576785403381780480,Indonesia's NasDem party nominates Anies Baswedan for 2024 presidential race https://t.co/04FGPIfCqp https://t.co/DfvqQOSicG,148,136,1166,3661,en,1652541,1576785403381780480,Reuters,https://twitter.com/Reuters/status/1576785403381780480,
Mon Oct 03 04:01:38 +0000 2022,1576784517054226433,Anies to run. https://t.co/YG46vs65HT,46,114,666,2507,en,97139849,1576784517054226433,_KateLamb,https://twitter.com/_KateLamb/status/1576784517054226433,
Mon Oct 03 03:55:46 +0000 2022,1576783038394298368,"Breaking News, Nasdem Usung Anies Capres 2024 https://t.co/f1Uqb8zXie",14,49,234,898,en,231355136,1576783038394298368,SINDOnews,https://twitter.com/SINDOnews/status/1576783038394298368,
Sun Sep 25 22:45:35 +0000 2022,1574168265727049728,@bos_sir @LANGKAHANIES @AdindaAsmara_ @AniesIndonesia @smileupdate2024 ANIES PRESIDEN HTI https://t.co/DOMCMkT0rT,3,12,75,233,en,2385926900,1574042999696535552,MARQUEZ__93,https://twitter.com/MARQUEZ__93/status/1574168265727049728,"bos_sir, LANGKAHANIES, AdindaAsmara_, AniesIndonesia, smileupdate2024"
Sat Sep 24 18:29:40 +0000 2022,1573741474084429824,Yess Massseeeeh ü§ó,0,12,68,427,en,1335552103457034240,1573741474084429824,sobat_anies,https://twitter.com/sobat_anies/status/1573741474084429824,
Tue Sep 20 21:25:04 +0000 2022,1572336064387518464,Lucy üåï #CyberpunkEdgerunners #Edgerunners https://t.co/5ZVsve7jL5,9,44,2716,19821,en,998788105736876032,1572336064387518464,Anies_only,https://twitter.com/Anies_only/status/1572336064387518464,
Sun Sep 18 23:53:04 +0000 2022,1571648530707779586,"Omong2 ttg Anies. While he was all style, his charisma mostly rested on his mastery of substance, strong logic, adeptness &amp  articulateness. For once in decades, why not giving a chance to reason, science &amp  data over arbitrariness, hoaxes and lies?   Nice.  https://t.co/fi1sYTsG1h",4,20,54,268,en,147063992,1571648530707779586,tatakujiyati,https://twitter.com/tatakujiyati/status/1571648530707779586,
Sun Sep 18 07:02:22 +0000 2022,1571394179095474177,Mantapp Anies-AHY üëç  #Anies #AniesBaswedan https://t.co/2yTiygA6Ik,7,109,376,1964,en,836539655478624258,1571394179095474177,aniesmania,https://twitter.com/aniesmania/status/1571394179095474177,
Thu Sep 15 09:00:55 +0000 2022,1570336851281711110,"Under Jakarta Governor Anies Baswedan's watch, the coverage of public transport in Jakarta has doubled from 40 per cent in 2016 to almost 90 per cent  https://t.co/fXjvPfL7lN",5,21,194,1012,en,1297510664148103168,1570336851281711110,GeiszChalifah,https://twitter.com/GeiszChalifah/status/1570336851281711110,
Thu Sep 15 01:40:25 +0000 2022,1570225994048606215,"Delighted to meet Jakarta Governor @aniesbaswedan. Jakarta is a bustling metropolis with a growing young population and an international outlook. Pak Anies and I had a good discussion on connectivity, digitalisation, sustainability, and local and regional developments. https://t.co/fEWfvFeC2z",13,33,336,1646,en,46570604,1570225994048606215,VivianBala,https://twitter.com/VivianBala/status/1570225994048606215,aniesbaswedan
Wed Sep 14 09:53:39 +0000 2022,1569987735926231045,Totally Agree Pak Anies #SejutaFotoAnies https://t.co/sciLAmvWNV,68,530,687,3881,en,719725925215170561,1569987735926231045,marlina_idha,https://twitter.com/marlina_idha/status/1569987735926231045,
Tue Sep 13 11:09:27 +0000 2022,1569644422341722112,Anies is the best,3,13,80,389,en,1131316706314293248,1569644422341722112,BasitoToto,https://twitter.com/BasitoToto/status/1569644422341722112,
Sun Sep 11 08:29:06 +0000 2022,1568879294218403841,"Jakarta Governor and Vice Governor Anies Baswedan and Ahmad Riza Patria have bid their farewells to the capital city as their term will end on 16 October. They will be replaced by caretaker appointees until the national elections in 2024, as will all other provinces and regions.",36,9,53,179,en,929274077323259905,1568879294218403841,nuicemedia,https://twitter.com/nuicemedia/status/1568879294218403841,
Wed Aug 31 14:07:33 +0000 2022,1564978199846498304,Goodbener Anies memang The Best  ‚ù§Ô∏èüáÆüá©  #Anies #AniesBaswedan https://t.co/QcA1x0ssC2,1,44,104,656,en,836539655478624258,1564978199846498304,aniesmania,https://twitter.com/aniesmania/status/1564978199846498304,
Tue Aug 30 10:28:22 +0000 2022,1564560654572621829,"Opening Ceremony of U20 Mayors Summit #Urban20  Pak Anies,  berkelasüëçüòä  #AniesBaswedan https://t.co/C4jpWVlBUA",17,124,220,1049,en,719725925215170561,1564560654572621829,marlina_idha,https://twitter.com/marlina_idha/status/1564560654572621829,
Tue Aug 30 09:22:59 +0000 2022,1564544199978274817,Opening Ceremony of U20 Mayors Summit #Urban20   Gubernur Anies Baswedan üòé https://t.co/BCYhX1BzpZ,13,51,243,1137,en,1334853481019056128,1564544199978274817,Mdy_Asmara1701,https://twitter.com/Mdy_Asmara1701/status/1564544199978274817,
Sun Aug 28 07:40:43 +0000 2022,1563793688857231361,Calli commission for @daerbregnod thank you so much! üíñüôá   #callillust üé§ https://t.co/Usjxf0acek,3,15,684,5376,en,998788105736876032,1563793688857231361,Anies_only,https://twitter.com/Anies_only/status/1563793688857231361,daerbregnod
Tue Aug 23 10:16:03 +0000 2022,1562020837137567744,Anies Fits to PKS‚Äô Criteria for a Presidential¬†Candidate https://t.co/MWVD8qutxH,4,10,99,541,en,1443801854756880385,1562020837137567744,kba_news,https://twitter.com/kba_news/status/1562020837137567744,
Sun Aug 21 11:01:09 +0000 2022,1561307413138980864,Winning Presidential Contest: Anies‚Äô Next Step is Implementing Good Governance for Justice and¬†Prosperity https://t.co/NNGxn0yxza,1,10,92,530,en,1443801854756880385,1561307413138980864,kba_news,https://twitter.com/kba_news/status/1561307413138980864,
Fri Aug 12 14:45:54 +0000 2022,1558102480407654400,Character sheet commissioned by @imkotorimusic üéÄ‚ú® She now has brand new sneakers!!! https://t.co/zxvpWAXnqB,1,13,35,302,en,998788105736876032,1558102480407654400,Anies_only,https://twitter.com/Anies_only/status/1558102480407654400,imkotorimusic
Thu Aug 11 17:58:51 +0000 2022,1557788651521654784,"For the first time, I finally have a reference sheet for Kotori! (feat new drip &amp  shoes) üéÄ  Look forward to seeing more art of her in the future üëè  üé®: @Anies_only https://t.co/9s3IvG6EcS",3,24,46,489,en,1952750436,1557788651521654784,imkotorimusic,https://twitter.com/imkotorimusic/status/1557788651521654784,Anies_only
Tue Aug 09 02:51:14 +0000 2022,1556835464606547968,Pak Anies everyday..  https://t.co/vqshoklLK7,42,116,163,787,en,968400474842918913,1556835464606547968,cutty_____,https://twitter.com/cutty_____/status/1556835464606547968,
Thu Aug 04 12:26:40 +0000 2022,1555168339495833601,Pak Anies Memang The Best‚ÄºÔ∏è  #Anies #AniesBaswedan https://t.co/FBKD32V31u,3,22,112,403,en,836539655478624258,1555168339495833601,aniesmania,https://twitter.com/aniesmania/status/1555168339495833601,
Thu Aug 04 03:23:55 +0000 2022,1555031752581828609,Social Network Analysis Astra Maya: Anies Memborong Mentions dan¬†Retweet https://t.co/OW8gGj7VZX,1,0,69,263,en,1443801854756880385,1555031752581828609,kba_news,https://twitter.com/kba_news/status/1555031752581828609,
Sat Jul 23 22:58:45 +0000 2022,1550978756289843201,"üåôHello VTuber community! My name is Kaitsu, a lunar dragon that serves under the Moon and watches over the Earth's tides! I'm looking forward to meeting you all!  üé®: @Anies_only  #Vtuber #VTuberUprising #ENVtuber https://t.co/fW4r4q0a72",2,99,152,1136,en,1547137013580673026,1550978756289843201,kaitsudon_,https://twitter.com/kaitsudon_/status/1550978756289843201,Anies_only
Tue Jul 19 01:24:17 +0000 2022,1549203437895569408,Anies  mantap https://t.co/MOYpGS0lRo,6,44,361,1601,en,1361953101796634629,1549203437895569408,Safitridede1,https://twitter.com/Safitridede1/status/1549203437895569408,
Sat Jul 09 15:49:17 +0000 2022,1545797244334796800,Trus Anies gmn dong...? https://t.co/Ail3aUd4gr,26,219,106,1085,in,1126547830754107392,1545797244334796800,M45Broo,https://twitter.com/M45Broo/status/1545797244334796800,
Thu Jul 07 15:31:26 +0000 2022,1545067978844262401,Anies terima Piagam Transport Ticketing Award dan Tom Tom Traffic¬†Index https://t.co/au1MJK5zaX,3,1,78,293,en,1226102794551095297,1545067978844262401,dniupdate,https://twitter.com/dniupdate/status/1545067978844262401,
Tue Jul 05 14:55:33 +0000 2022,1544334171652382720,Anies Terima Piagam Transport Ticketing Award dan Tom Tom Traffic¬†Index https://t.co/Fdy9HZDngN,0,8,284,1181,en,1443801854756880385,1544334171652382720,kba_news,https://twitter.com/kba_news/status/1544334171652382720,
Fri Jul 01 13:53:00 +0000 2022,1542868877415178241,Anies Determined all Facilities in Jakarta Fulfils Disable-Friendly Requirements https://t.co/ogZMqiR3Fa,3,3,103,589,en,1443801854756880385,1542868877415178241,kba_news,https://twitter.com/kba_news/status/1542868877415178241,
Tue Jun 28 05:06:16 +0000 2022,1541649157814771712,Anak Kecil ke Gubernur Anies: Handsome and He Can Save The World‚ÄºÔ∏è  #Anies #AniesBaswedan https://t.co/aWj092Ryta,9,10,110,459,en,836539655478624258,1541649157814771712,aniesmania,https://twitter.com/aniesmania/status/1541649157814771712,
Sun Jun 19 09:48:14 +0000 2022,1538458627547475968,Sama aja. Pak Anies jg naek MRT dikawal ada ajudannya  They are politicians with functional and structural position. That's part of SOP widely known,4,13,127,875,en,89879481,1538458627547475968,bandacatturas,https://twitter.com/bandacatturas/status/1538458627547475968,
Thu Jun 16 03:59:39 +0000 2022,1537283740606484485,Oh... Pak Anies ...üò± https://t.co/7EC2Nuc5VW,2,90,41,296,en,1219890224936783874,1537283740606484485,NyaiiBubu,https://twitter.com/NyaiiBubu/status/1537283740606484485,
Sun Jun 12 09:29:29 +0000 2022,1535917194487312385,Yang waras pastinya paham. We love and support Anies for Presiden RI tahun 2024 ‚ù§Ô∏èüáÆüá©  #Anies #AniesBaswedan https://t.co/VmVUFfRlS0,1,4,99,467,en,836539655478624258,1535917194487312385,aniesmania,https://twitter.com/aniesmania/status/1535917194487312385,
Fri Jun 10 01:10:04 +0000 2022,1535066737191702528,Semoga pak Anies the next President of Indonesia üôè https://t.co/Jb2AMUhdVZ,1,17,76,459,en,1334853481019056128,1535066636126126080,Mdy_Asmara1701,https://twitter.com/Mdy_Asmara1701/status/1535066737191702528,
Tue Jun 07 11:14:33 +0000 2022,1534131692805292032,Anies Baswedan for Presiden https://t.co/DdUJ9qLCx7,56,366,116,1214,en,1334853481019056128,1534131692805292032,Mdy_Asmara1701,https://twitter.com/Mdy_Asmara1701/status/1534131692805292032,
Sat Jun 04 15:56:26 +0000 2022,1533115470655565824,"Congratulations, Pak Anies is a true winner üëèüòä  #JakartaEPrix https://t.co/xGn31oNOX9",12,91,263,2218,en,719725925215170561,1533115470655565824,marlina_idha,https://twitter.com/marlina_idha/status/1533115470655565824,
Sat Jun 04 11:11:16 +0000 2022,1533043703371091968,"President of Indonesia Joko Widodo and Governor of Jakarta Anies Baswedan joined more than 60,000 fans at the first-ever #JakartaEPrix and festival in Ancol.  @jokowi @aniesbaswedan https://t.co/UlAYLDsSJ0",293,317,2102,9331,en,703581570,1533043703371091968,FIAFormulaE,https://twitter.com/FIAFormulaE/status/1533043703371091968,"jokowi, aniesbaswedan"
Sat Jun 04 10:33:04 +0000 2022,1533034092886773760,Congratulations Anies Baswedan. Formula E is a success  #JakartaEPrix,20,183,497,4195,en,3177957847,1533034092886773760,HelmiFelis_,https://twitter.com/HelmiFelis_/status/1533034092886773760,
Sat Jun 04 09:26:36 +0000 2022,1533017365491126272,@Syaiful14742 Anies hebat https://t.co/QR2KpUToDK,0,4,35,345,en,1379199956892872707,1533007491692654593,MPeroeck,https://twitter.com/MPeroeck/status/1533017365491126272,Syaiful14742
Sat Jun 04 01:33:03 +0000 2022,1532898191066079232,"Formula E, not for Mr Anies, Jokowi, Sahroni, AHY whatever you called it, but this is for Indonesia",43,117,397,2647,en,1249682747494289408,1532898191066079232,blacklthrglvs,https://twitter.com/blacklthrglvs/status/1532898191066079232,
Fri Jun 03 06:50:05 +0000 2022,1532615589872664576,"Ahead of the first ever E-Prix of Jakarta, the ABB @FIAFormulaE  World Championship was welcomed at the National Monument by Governor Anies Baswedan. This opening event saw reigning World Champion @nyckdevries showing off the Formula E Gen2 car.  #ABBFormulaE #JakartaEPrix üáÆüá© https://t.co/MsmINxfwVd",47,44,840,3159,en,432507102,1532615589872664576,fia,https://twitter.com/fia/status/1532615589872664576,"FIAFormulaE, nyckdevries"
Thu Jun 02 13:31:00 +0000 2022,1532354093469118470,"Ahead of our first ever race in Jakarta on Saturday, all of our 22 drivers were welcomed at the National Monument by Governor Anies Baswedan before reigning World Champion @nyckdevries showed off the Formula E Gen2 car.  This event marked the opening of the 2022 #JakartaEPrix! ‚ö° https://t.co/oTSLxTNkYx",53,61,733,2835,en,703581570,1532354093469118470,FIAFormulaE,https://twitter.com/FIAFormulaE/status/1532354093469118470,nyckdevries
Tue May 31 11:57:59 +0000 2022,1531605911415902209,@marlina_idha The beauty too. Pak Anies bangetü§≠ü§ó https://t.co/je6ZnR6Q3t,1,46,22,168,en,1290610306717118465,1531518836410683393,benuaandin,https://twitter.com/benuaandin/status/1531605911415902209,marlina_idha
Tue May 31 06:11:59 +0000 2022,1531518836410683393,Beautiful view Pak Anies banget ü§≠üòä https://t.co/0Gdnqae3KL,48,386,530,4430,en,719725925215170561,1531518836410683393,marlina_idha,https://twitter.com/marlina_idha/status/1531518836410683393,
Tue May 17 03:21:17 +0000 2022,1526402448029523968,Anies Semakin Melejit https://t.co/39skTQ6U5v,12,34,261,1512,en,1443801854756880385,1526402448029523968,kba_news,https://twitter.com/kba_news/status/1526402448029523968,
Mon May 16 06:30:34 +0000 2022,1526087694408896512,"Key Indonesian govmt visitors this Spring: Foreign Min Retno Marsudi, Invmt Minister Bahlil Lahadalia &amp  JKT Governor Anies Baswedan for üá¨üáß üáÆüá© Roadmap 2022-2025 &amp  three business MoUs on electric batteries, buses and Jakarta MRT extension. Forward green tech together! https://t.co/MAjg2oFOgm",18,29,190,802,en,1530621674,1526087694408896512,RichardGrahamUK,https://twitter.com/RichardGrahamUK/status/1526087694408896512,
Sun May 15 12:18:48 +0000 2022,1525812941651873792,"Bertemu Lord Mayor of The City of London, Anies Baswedan Membahas Target Zero Emission 2050! https://t.co/sAcgvCYXP2",2,3,77,298,en,1226436091617505281,1525812941651873792,keuangannews_id,https://twitter.com/keuangannews_id/status/1525812941651873792,
Sat May 14 20:17:08 +0000 2022,1525570933481787392,"Bertemu Lord Mayor of The City of London, Anies Baswedan Membahas Target Zero Emission¬†2050! https://t.co/sAcgvCYpZu",15,23,91,633,en,1226436091617505281,1525570933481787392,keuangannews_id,https://twitter.com/keuangannews_id/status/1525570933481787392,
Sat May 14 03:38:09 +0000 2022,1525319530326925312,"Bertemu Lord Mayor of The City of London, Anies Baswedan Bahas Target Zero Emission 2050 https://t.co/z86alUFiRX",6,30,143,664,en,887743587579944960,1525319530326925312,OposisiCerdas,https://twitter.com/OposisiCerdas/status/1525319530326925312,
Fri May 13 11:46:01 +0000 2022,1525079916668399617,"No matter who will be the next President of Republic of Indonesia, but he isn't Mr. Anies Baswedan or who supported by intolerant and radical groups.  . Without them Indonesia will be Great..",7,30,31,144,en,1420219650231574533,1525079916668399617,arifin34533,https://twitter.com/arifin34533/status/1525079916668399617,
Fri May 13 03:37:55 +0000 2022,1524957084600893441,Anies The Rising Star  Bismillah RI 1 ü§≠üòä https://t.co/5Iq5K4zLZa,5,68,118,1030,en,719725925215170561,1524957084600893441,marlina_idha,https://twitter.com/marlina_idha/status/1524957084600893441,
Tue May 10 02:00:35 +0000 2022,1523845422586155008,üíØüëçMas Anies Baswedan for Presiden üëçüíØ https://t.co/A5fyTxZN0Y,19,10,104,316,en,1435534074421022725,1523845422586155008,ibnu_muzab,https://twitter.com/ibnu_muzab/status/1523845422586155008,
Mon May 09 13:56:02 +0000 2022,1523663084815978498,Best of The Best Leader in Indonesia ... Sir Anies Rasyid Baswedan üëçüëçüëç #AniesUntukIndonesia  #AniesForPresident,3,10,70,186,en,242031244,1523663084815978498,AnshariJasmine,https://twitter.com/AnshariJasmine/status/1523663084815978498,
Mon May 09 03:26:43 +0000 2022,1523504711944785920,2024 Anies Baswedan next President of Indonesia üôè,5,50,103,807,en,1334853481019056128,1523504711944785920,Mdy_Asmara1701,https://twitter.com/Mdy_Asmara1701/status/1523504711944785920,
Sat May 07 11:21:45 +0000 2022,1522899484203618304,Happy Birthday pak Anies yang ke 53 tahun ü•≥üéâ  #BarakallahFiiUmrikPakAnies üôè https://t.co/raBmUnQH0z,23,67,426,2826,tl,1334853481019056128,1522899484203618304,Mdy_Asmara1701,https://twitter.com/Mdy_Asmara1701/status/1522899484203618304,
Fri May 06 09:37:55 +0000 2022,1522510966436646913,"I start my new job as director of the Asia-Pacific Programme at @ChathamHouse next week and am pleased to be kicking off by hosting Anies Baswedan, the Governor of Jakarta and a possible 2024 presidential contender, for an in-person members' event https://t.co/FVc3sgnGkb",0,10,11,153,en,34003766,1522510966436646913,benjaminbland,https://twitter.com/benjaminbland/status/1522510966436646913,ChathamHouse
Thu May 05 01:20:36 +0000 2022,1522023423396179970,Anies VS Anies Idem https://t.co/KHdcDxQZnb,2,10,59,242,en,1405723264710709248,1522023423396179970,KerjaHasil_id,https://twitter.com/KerjaHasil_id/status/1522023423396179970,
Mon May 02 12:35:58 +0000 2022,1521106222056828929,Mr. Anies Baswedan's spectacular work. https://t.co/TeuKq55Jwn,9,16,185,882,en,834388208376963072,1521106222056828929,maju_ahmad,https://twitter.com/maju_ahmad/status/1521106222056828929,
Fri Apr 29 10:05:33 +0000 2022,1519981204640251904,Anies for presiden   ((presiden monaslimin)) https://t.co/4yZroZIWeP,42,87,115,327,en,2755262034,1519981204640251904,kesittt,https://twitter.com/kesittt/status/1519981204640251904,
Sun Apr 24 08:13:24 +0000 2022,1518141041752555520,Anies sehat? https://t.co/0u15ksbiTD,2,8,35,159,en,1303252304301236224,1518141041752555520,AyaniMel,https://twitter.com/AyaniMel/status/1518141041752555520,
Fri Apr 22 13:38:49 +0000 2022,1517498157302796293,SOFT LAUNCHING JIS MALAM  #StadionKita  Kereen Anies ü•∞üòç https://t.co/3lYZKzNpBe,7,13,53,204,en,1341306140286726144,1517498157302796293,TSolihien,https://twitter.com/TSolihien/status/1517498157302796293,
Sat Apr 16 16:34:59 +0000 2022,1515368166989660163,relawan anies https://t.co/re64F9Dey0,1,5,47,198,en,1178950184601935873,1515360595515949061,MurtadhaOne1,https://twitter.com/MurtadhaOne1/status/1515368166989660163,
Wed Apr 13 15:15:36 +0000 2022,1514261023666352130,I hope i'm not too late for #PortfolioDay   I like drawing cute girls wearing techwear https://t.co/2j7iIpqInW,0,11,85,670,en,998788105736876032,1514261023666352130,Anies_only,https://twitter.com/Anies_only/status/1514261023666352130,
Mon Apr 11 11:41:32 +0000 2022,1513482375527022596,"RELAWAN ANIES"" . . . https://t.co/QEPw2oBTCe""",86,199,642,1589,en,1159689173340585984,1513482375527022596,__AnakKolong,https://twitter.com/__AnakKolong/status/1513482375527022596,
Mon Apr 11 01:20:50 +0000 2022,1513326172163117065,Bye anies üòÇ https://t.co/hJ5q2Xk8jh,19,82,126,957,en,914271535,1513326172163117065,Bungfranks,https://twitter.com/Bungfranks/status/1513326172163117065,
Thu Apr 07 15:28:24 +0000 2022,1512089918356410374,I love you‚ù§ Pak Anies Baswedan,2,14,65,290,en,1417489643759710208,1512089918356410374,MissKoral,https://twitter.com/MissKoral/status/1512089918356410374,
Sun Apr 03 00:58:44 +0000 2022,1510421509990404098,Survey: Anies is the Most Liked Presidential Candidate in¬†2024 https://t.co/U7C2TPhAMG,8,17,223,1140,en,1443801854756880385,1510421509990404098,kba_news,https://twitter.com/kba_news/status/1510421509990404098,
Tue Mar 29 14:55:24 +0000 2022,1508820123339358214,Commission for @dan19_danny thank you! ü•≥‚ù§Ô∏è https://t.co/8PWGevOs8D,1,9,73,616,en,998788105736876032,1508820123339358214,Anies_only,https://twitter.com/Anies_only/status/1508820123339358214,dan19_danny
